clone_classification,n,k,success_rate,median_time_s
Type-2,29,23,0.7931034482758621,73.1585590839386
Type-3,39,29,0.7435897435897436,80.72088980674744
Type-4,7,3,0.42857142857142855,172.10378885269165
