attempt,count,fraction
2.0,24,0.3870967741935484
3.0,38,0.6129032258064516
