clone_classification,n,k,success_rate,median_time_s
Type-2,17,13,0.7647058823529411,32.205073833465576
Type-3,15,13,0.8666666666666667,52.78102993965149
Type-4,13,12,0.9230769230769231,64.0717031955719
Unknown,5,5,1.0,59.78301811218262
