attempt,count,fraction
2.0,37,0.8604651162790697
3.0,6,0.13953488372093023
